Cluster#,NumDocs,LowDocs,MedDocs,HighDocs,AvgWords
1,54,2,37,15,839.6111111111111
2,27,2,25,0,288.0740740740741
3,14,13,1,0,45.857142857142854
4,39,25,13,1,167.48717948717947
5,44,31,12,1,146.20454545454547
6,18,17,1,0,21.11111111111111
7,50,24,26,0,109.92
8,46,3,37,6,809.4565217391304
9,293,209,78,6,125.8259385665529
10,33,33,0,0,17.90909090909091
